,TransactionID,AccountID,TransactionAmount,TransactionDate,TransactionType,Location,DeviceID,IP Address,MerchantID,Channel,CustomerAge,CustomerOccupation,TransactionDuration,LoginAttempts,AccountBalance,PreviousTransactionDate,TPC,TTAPC,MTAPC,ATAPC,DTV,ZscoreForTPC,ZscoreForTTAPC,ZscoreForMTAPC,ZscoreForATAPC,ZscoreForDTV,GeneratedFlag
29,TX000030,AC00313,56.17,2023-09-20,Debit,Detroit,D000297,33.28.138.82,M043,Branch,27,Student,283,1,1351.69,2024-11-04 08:08:30,3,743.6999999999999,660.02,247.89999999999998,2,-1.3798523197727885,-1.09987055810167,-0.17290892715093525,-0.39882471247416773,5.739855916828047,True
67,TX000068,AC00460,521.06,2023-04-18,Debit,Albuquerque,D000305,131.41.45.13,M063,Branch,25,Student,128,1,1951.42,2024-11-04 08:12:10,12,5570.34,1607.55,464.195,1,2.613453011182563,3.8021248309842814,2.517849380434026,1.3370825758948395,-0.17422040108501877,True
95,TX000096,AC00010,508.68,2023-06-26,Credit,Mesa,D000622,193.108.17.115,M048,Branch,51,Engineer,127,1,7708.41,2024-11-04 08:09:32,7,2768.67,1086.6,395.5242857142857,2,0.3949500495407011,0.9567140645421112,1.0384761254063375,0.7859556731644153,5.739855916828047,True
108,TX000109,AC00423,503.76,2023-11-27,Debit,Los Angeles,D000518,216.151.64.40,M083,Online,22,Student,35,1,447.82,2024-11-04 08:09:22,6,3038.14,1919.11,506.3566666666666,1,-0.04875054278767131,1.230391135443813,3.4026051753019146,1.6754572237436165,-0.17422040108501877,True
141,TX000142,AC00114,1049.92,2023-10-23,Debit,Detroit,D000522,121.67.144.20,M052,ATM,80,Retired,21,1,2037.85,2024-11-04 08:10:34,7,2221.26,1049.92,317.3228571428572,2,0.3949500495407011,0.40075768579011384,0.934313708678407,0.1583386232186878,5.739855916828047,True
168,TX000169,AC00202,304.35,2023-12-04,Debit,Houston,D000281,183.39.94.209,M007,Branch,31,Engineer,36,1,4057.1,2024-11-04 08:08:45,12,3722.12,649.28,310.1766666666667,2,2.613453011182563,1.9250496983834582,-0.2034079553858856,0.10098582203654181,5.739855916828047,True
190,TX000191,AC00396,1422.55,2023-07-10,Debit,Washington,D000569,188.124.181.12,M072,Branch,79,Retired,165,1,5674.32,2024-11-04 08:06:50,8,3286.7,1422.55,410.8375,2,0.8386506418690736,1.4828317512575475,1.9924936799251052,0.908854123368663,5.739855916828047,True
197,TX000198,AC00107,20.36,2023-07-24,Debit,Tucson,D000082,96.115.67.230,M069,Branch,62,Retired,75,1,2762.48,2024-11-04 08:11:15,5,2980.3199999999997,1830.0,596.064,1,-0.4924511351160437,1.171668427017879,3.1495541132892124,2.3954166021549588,-0.17422040108501877,True
205,TX000206,AC00020,288.04,2023-08-24,Debit,Denver,D000582,205.69.66.135,M092,ATM,68,Retired,63,1,1748.02,2024-11-04 08:10:00,9,3788.01,881.1,420.89000000000004,2,1.282351234197446,1.9919683988017358,0.45490533375994185,0.9895319384653114,5.739855916828047,True
208,TX000209,AC00453,521.15,2023-02-17,Debit,Kansas City,D000108,166.7.230.111,M084,ATM,54,Doctor,214,1,9442.47,2024-11-04 08:07:31,9,2370.7000000000003,521.15,263.41111111111115,2,1.282351234197446,0.5525308014451047,-0.5672664737978209,-0.2743380122338506,5.739855916828047,True
236,TX000237,AC00177,736.73,2023-11-27,Debit,Memphis,D000167,107.247.202.71,M037,Branch,48,Engineer,10,1,3313.07,2024-11-04 08:10:54,9,2953.1,736.73,328.1222222222222,2,1.282351234197446,1.1440234577450683,0.04492910412495311,0.24501051369709692,5.739855916828047,True
272,TX000273,AC00423,44.52,2023-03-28,Debit,El Paso,D000618,89.21.156.229,M081,Online,28,Student,205,1,314.28,2024-11-04 08:10:28,6,3038.14,1919.11,506.3566666666666,1,-0.04875054278767131,1.230391135443813,3.4026051753019146,1.6754572237436165,-0.17422040108501877,True
297,TX000298,AC00110,34.74,2023-06-26,Debit,San Francisco,D000320,82.88.241.226,M072,ATM,56,Retired,24,1,6827.57,2024-11-04 08:11:03,8,2507.77,1250.94,313.47125,2,0.8386506418690736,0.6917407918280647,1.5051623730908572,0.12742698443267844,5.739855916828047,True
340,TX000341,AC00107,1830.0,2023-03-01,Debit,San Antonio,D000436,62.27.235.199,M082,Online,55,Engineer,238,1,2235.7,2024-11-04 08:11:59,5,2980.3199999999997,1830.0,596.064,1,-0.4924511351160437,1.171668427017879,3.1495541132892124,2.3954166021549588,-0.17422040108501877,True
341,TX000342,AC00171,26.06,2023-12-21,Debit,San Diego,D000689,140.212.253.222,M096,ATM,65,Doctor,283,1,12893.63,2024-11-04 08:12:00,5,889.9300000000001,577.73,177.98600000000002,2,-0.4924511351160437,-0.9513575582205852,-0.4065928222583898,-0.9599297872980457,5.739855916828047,True
370,TX000371,AC00177,218.59,2023-11-27,Credit,Denver,D000004,72.192.101.196,M088,Branch,40,Engineer,123,1,6699.23,2024-11-04 08:07:12,9,2953.1,736.73,328.1222222222222,2,1.282351234197446,1.1440234577450683,0.04492910412495311,0.24501051369709692,5.739855916828047,True
390,TX000391,AC00251,426.93,2023-12-25,Debit,Omaha,D000129,3.70.1.133,M054,ATM,19,Student,248,1,476.19,2024-11-04 08:09:12,4,2770.84,1026.46,692.71,1,-0.9361517274444162,0.9589179434297673,0.8676929263327892,3.1710632689374143,-0.17422040108501877,True
450,TX000451,AC00495,745.03,2023-08-03,Debit,Fort Worth,D000031,30.92.249.132,M075,Online,28,Student,231,1,160.57,2024-11-04 08:09:15,8,2405.77,745.03,300.72125,2,0.8386506418690736,0.5881483279843209,0.06849911663427213,0.02509998692138673,5.739855916828047,True
479,TX000480,AC00350,319.27,2023-07-20,Credit,Omaha,D000457,214.67.148.245,M068,Online,54,Retired,59,1,5504.01,2024-11-04 08:06:35,2,1815.84,1496.57,907.92,1,-1.823552912101161,-0.010991889617048887,2.2026927553395392,4.898262730459382,-0.17422040108501877,True
496,TX000497,AC00114,286.5,2023-10-23,Credit,Boston,D000602,16.128.130.153,M097,Branch,30,Engineer,60,1,8517.95,2024-11-04 08:09:17,7,2221.26,1049.92,317.3228571428572,2,0.3949500495407011,0.40075768579011384,0.934313708678407,0.1583386232186878,5.739855916828047,True
567,TX000568,AC00240,350.14,2023-03-24,Credit,Los Angeles,D000182,161.168.126.136,M048,Online,75,Retired,38,1,2403.25,2024-11-04 08:08:40,2,1501.3200000000002,1151.18,750.6600000000001,1,-1.823552912101161,-0.3304222987164042,1.2218678612921008,3.636149504684815,-0.17422040108501877,True
569,TX000570,AC00460,170.53,2023-02-06,Debit,Oklahoma City,D000140,158.135.64.240,M089,Branch,24,Student,58,1,801.01,2024-11-04 08:09:49,12,5570.34,1607.55,464.195,1,2.613453011182563,3.8021248309842814,2.517849380434026,1.3370825758948395,-0.17422040108501877,True
584,TX000585,AC00150,992.17,2023-02-27,Debit,San Antonio,D000205,90.111.245.138,M007,ATM,43,Doctor,169,1,6215.96,2024-11-04 08:12:19,7,2030.56,992.17,290.08,2,0.3949500495407011,0.20708040289793786,0.7703175373033246,-0.0603029277662238,5.739855916828047,True
602,TX000603,AC00107,635.4,2023-09-19,Debit,Denver,D000002,215.97.143.157,M018,ATM,47,Doctor,106,1,1238.11,2024-11-04 08:11:45,5,2980.3199999999997,1830.0,596.064,1,-0.4924511351160437,1.171668427017879,3.1495541132892124,2.3954166021549588,-0.17422040108501877,True
634,TX000635,AC00275,340.05,2023-10-27,Debit,Detroit,D000196,163.58.140.206,M038,ATM,43,Engineer,37,1,7234.15,2024-11-04 08:07:43,9,1959.8000000000002,547.98,217.7555555555556,2,1.282351234197446,0.13521567013731747,-0.4910756984213108,-0.6407533784856133,5.739855916828047,True
653,TX000654,AC00423,1919.11,2023-06-27,Debit,Portland,D000191,207.157.126.125,M033,ATM,30,Doctor,161,1,11090.24,2024-11-04 08:10:27,6,3038.14,1919.11,506.3566666666666,1,-0.04875054278767131,1.230391135443813,3.4026051753019146,1.6754572237436165,-0.17422040108501877,True
671,TX000672,AC00372,986.81,2023-03-31,Credit,Houston,D000093,145.76.10.8,M039,Online,68,Doctor,127,1,14881.77,2024-11-04 08:09:09,3,2041.83,986.81,680.61,1,-1.3798523197727885,0.2185263545402809,0.7550964207912824,3.073952941887482,-0.17422040108501877,True
691,TX000692,AC00418,25.94,2023-10-16,Credit,San Jose,D000232,42.219.228.159,M003,Online,58,Retired,211,5,4815.11,2024-11-04 08:06:38,6,1718.02,1047.69,286.33666666666664,2,-0.04875054278767131,-0.11033909366798028,0.9279810426668671,-0.09034559919241485,5.739855916828047,True
695,TX000696,AC00240,1151.18,2023-08-25,Debit,Kansas City,D000208,72.192.101.196,M055,ATM,65,Doctor,105,1,1100.06,2024-11-04 08:07:02,2,1501.3200000000002,1151.18,750.6600000000001,1,-1.823552912101161,-0.3304222987164042,1.2218678612921008,3.636149504684815,-0.17422040108501877,True
711,TX000712,AC00297,33.61,2023-08-21,Debit,Milwaukee,D000116,142.184.68.230,M014,Online,23,Student,72,1,479.08,2024-11-04 08:08:40,10,2733.73,856.21,273.373,2,1.7260518265258185,0.9212285676136758,0.38422369383741733,-0.19438740991690223,5.739855916828047,True
755,TX000756,AC00460,1607.55,2023-09-07,Debit,Phoenix,D000070,94.37.250.128,M031,ATM,31,Engineer,156,1,6227.99,2024-11-04 08:07:33,12,5570.34,1607.55,464.195,1,2.613453011182563,3.8021248309842814,2.517849380434026,1.3370825758948395,-0.17422040108501877,True
784,TX000785,AC00107,345.54,2023-01-24,Debit,San Diego,D000054,215.97.143.157,M050,Online,29,Engineer,50,1,2091.78,2024-11-04 08:11:09,5,2980.3199999999997,1830.0,596.064,1,-0.4924511351160437,1.171668427017879,3.1495541132892124,2.3954166021549588,-0.17422040108501877,True
786,TX000787,AC00297,111.21,2023-08-21,Debit,Portland,D000401,216.151.64.40,M076,Branch,35,Doctor,111,1,9088.36,2024-11-04 08:12:12,10,2733.73,856.21,273.373,2,1.7260518265258185,0.9212285676136758,0.38422369383741733,-0.19438740991690223,5.739855916828047,True
812,TX000813,AC00292,161.63,2023-12-25,Debit,San Jose,D000626,34.86.220.205,M077,Online,46,Doctor,276,1,9286.37,2024-11-04 08:08:21,7,1954.23,712.75,279.17571428571426,2,0.3949500495407011,0.12955870912153641,-0.023168353703176266,-0.14781687420921427,5.739855916828047,True
912,TX000913,AC00179,213.4,2023-08-14,Credit,Fort Worth,D000203,198.73.211.114,M087,Branch,73,Retired,100,1,2012.24,2024-11-04 08:09:27,6,3819.73,1831.02,636.6216666666667,1,-0.04875054278767131,2.0241836238323585,3.15245066904337,2.7209181124344726,-0.17422040108501877,True
943,TX000944,AC00005,377.92,2023-02-22,Debit,Raleigh,D000360,179.43.245.131,M029,Branch,33,Engineer,204,1,2254.71,2024-11-04 08:06:53,9,3131.77,680.76,347.97444444444443,2,1.282351234197446,1.325482923578026,-0.11401229348307024,0.40433743871097483,5.739855916828047,True
944,TX000945,AC00459,11.04,2023-02-13,Debit,Phoenix,D000638,168.36.49.167,M036,Online,30,Engineer,43,1,6983.04,2024-11-04 08:10:40,7,1513.57,414.49,216.2242857142857,2,0.3949500495407011,-0.31798104693124896,-0.8701553333452885,-0.6530428094845733,5.739855916828047,True
952,TX000953,AC00295,148.85,2023-11-29,Debit,Mesa,D000441,155.37.19.43,M021,ATM,57,Doctor,25,1,7802.36,2024-11-04 08:08:44,6,1499.41,451.35,249.90166666666667,2,-0.04875054278767131,-0.3323621183824979,-0.765481759719565,-0.3827600426688,5.739855916828047,True
991,TX000992,AC00239,99.16,2023-02-28,Debit,San Francisco,D000573,84.237.126.96,M045,Online,79,Retired,202,1,2607.58,2024-11-04 08:10:27,5,1036.1399999999999,302.63,207.22799999999998,2,-0.4924511351160437,-0.8028648705873133,-1.1878109477178718,-0.7252438217117564,5.739855916828047,True
1020,TX001021,AC00337,309.56,2023-06-05,Debit,Charlotte,D000591,6.204.110.7,M094,Online,58,Doctor,147,1,972.04,2024-11-04 08:09:17,8,4393.41,880.04,549.17625,2,0.8386506418690736,2.606820140086073,0.4518951875840527,2.0191120784247576,5.739855916828047,True
1039,TX001040,AC00284,575.62,2023-06-12,Debit,Oklahoma City,D000682,116.175.11.222,M081,Online,43,Doctor,129,1,234.41,2024-11-04 08:11:33,8,3533.35,1036.21,441.66875,2,0.8386506418690736,1.7333325474051886,0.8953805916298809,1.1562948482329778,5.739855916828047,True
1054,TX001055,AC00151,382.07,2023-06-05,Credit,Omaha,D000318,21.97.154.92,M091,Branch,62,Doctor,147,1,10156.09,2024-11-04 08:08:17,4,1156.83,382.07,289.2075,2,-0.9361517274444162,-0.6802906111627894,-0.9622203701587978,-0.06730530465474162,5.739855916828047,True
1077,TX001078,AC00331,1045.45,2023-10-30,Debit,Baltimore,D000547,199.103.32.145,M036,Online,19,Student,150,1,563.46,2024-11-04 08:11:59,7,2331.31,1045.45,333.0442857142857,2,0.3949500495407011,0.512525829378388,0.9216199790498941,0.28451325712476766,5.739855916828047,True
1089,TX001090,AC00423,256.05,2023-06-07,Debit,Nashville,D000304,4.105.134.118,M009,ATM,54,Retired,35,1,6910.18,2024-11-04 08:11:46,6,3038.14,1919.11,506.3566666666666,1,-0.04875054278767131,1.230391135443813,3.4026051753019146,1.6754572237436165,-0.17422040108501877,True
1098,TX001099,AC00157,299.42,2023-12-04,Credit,San Jose,D000516,133.63.96.21,M005,Branch,63,Retired,53,1,4735.41,2024-11-04 08:09:38,5,1249.0900000000001,481.53,249.81800000000004,2,-0.4924511351160437,-0.5865902120037324,-0.6797777865230288,-0.38343152178972345,5.739855916828047,True
1119,TX001120,AC00423,61.77,2023-09-28,Debit,Charlotte,D000327,55.154.161.250,M082,Branch,56,Doctor,49,1,12352.2,2024-11-04 08:11:35,6,3038.14,1919.11,506.3566666666666,1,-0.04875054278767131,1.230391135443813,3.4026051753019146,1.6754572237436165,-0.17422040108501877,True
1120,TX001121,AC00362,268.92,2023-08-14,Debit,Chicago,D000127,199.6.127.153,M022,Branch,29,Engineer,148,1,8765.38,2024-11-04 08:06:36,12,2991.32,717.74,249.27666666666667,2,2.613453011182563,1.1828401633147536,-0.008997948592151831,-0.38777607195856917,5.739855916828047,True
1161,TX001162,AC00460,484.3,2023-10-17,Credit,Boston,D000407,93.160.83.196,M026,Online,61,Retired,230,3,7910.3,2024-11-04 08:11:08,12,5570.34,1607.55,464.195,1,2.613453011182563,3.8021248309842814,2.517849380434026,1.3370825758948395,-0.17422040108501877,True
1167,TX001168,AC00010,838.57,2023-06-26,Debit,Phoenix,D000430,115.30.82.168,M040,ATM,41,Doctor,273,1,14576.47,2024-11-04 08:11:25,7,2768.67,1086.6,395.5242857142857,2,0.3949500495407011,0.9567140645421112,1.0384761254063375,0.7859556731644153,5.739855916828047,True
1184,TX001185,AC00107,149.02,2023-09-01,Credit,Fort Worth,D000346,199.59.68.207,M019,Branch,46,Engineer,176,1,9379.72,2024-11-04 08:06:40,5,2980.3199999999997,1830.0,596.064,1,-0.4924511351160437,1.171668427017879,3.1495541132892124,2.3954166021549588,-0.17422040108501877,True
1252,TX001253,AC00460,379.54,2023-01-03,Credit,Indianapolis,D000668,109.105.179.186,M040,Branch,41,Doctor,118,1,12571.76,2024-11-04 08:06:23,12,5570.34,1607.55,464.195,1,2.613453011182563,3.8021248309842814,2.517849380434026,1.3370825758948395,-0.17422040108501877,True
1258,TX001259,AC00020,603.23,2023-08-24,Debit,Detroit,D000238,38.210.156.148,M017,Branch,28,Student,48,1,117.98,2024-11-04 08:08:18,9,3788.01,881.1,420.89000000000004,2,1.282351234197446,1.9919683988017358,0.45490533375994185,0.9895319384653114,5.739855916828047,True
1294,TX001295,AC00213,91.38,2023-04-03,Debit,Jacksonville,D000609,163.129.70.210,M013,ATM,65,Retired,179,1,2402.58,2024-11-04 08:06:39,6,1576.72,777.92,262.7866666666667,2,-0.04875054278767131,-0.253845124463284,0.16189884090312837,-0.279349582830918,5.739855916828047,True
1300,TX001301,AC00372,836.45,2023-02-27,Debit,Virginia Beach,D000096,156.134.123.253,M043,Online,61,Retired,63,1,1731.89,2024-11-04 08:12:12,3,2041.83,986.81,680.61,1,-1.3798523197727885,0.2185263545402809,0.7550964207912824,3.073952941887482,-0.17422040108501877,True
1345,TX001346,AC00204,388.07,2023-09-05,Debit,Seattle,D000422,44.197.126.59,M067,Online,24,Student,68,1,289.71,2024-11-04 08:10:37,7,2658.75,752.69,379.82142857142856,2,0.3949500495407011,0.8450779505646179,0.09025168239588499,0.6599300869858024,5.739855916828047,True
1362,TX001363,AC00204,54.85,2023-09-05,Credit,San Francisco,D000287,214.67.148.245,M071,Branch,58,Retired,40,1,2727.45,2024-11-04 08:09:36,7,2658.75,752.69,379.82142857142856,2,0.3949500495407011,0.8450779505646179,0.09025168239588499,0.6599300869858024,5.739855916828047,True
1409,TX001410,AC00157,102.81,2023-12-04,Debit,Seattle,D000076,21.28.32.1,M074,Branch,76,Retired,47,1,3228.87,2024-11-04 08:08:07,5,1249.0900000000001,481.53,249.81800000000004,2,-0.4924511351160437,-0.5865902120037324,-0.6797777865230288,-0.38343152178972345,5.739855916828047,True
1410,TX001411,AC00171,22.61,2023-12-21,Debit,Seattle,D000255,76.136.92.235,M099,Online,19,Student,145,1,1111.67,2024-11-04 08:06:47,5,889.9300000000001,577.73,177.98600000000002,2,-0.4924511351160437,-0.9513575582205852,-0.4065928222583898,-0.9599297872980457,5.739855916828047,True
1412,TX001413,AC00219,33.65,2023-09-18,Credit,New York,D000470,49.31.186.82,M067,Online,63,Doctor,146,1,12719.93,2024-11-04 08:07:24,10,1428.99,408.46,142.899,2,1.7260518265258185,-0.40388154293030615,-0.887279089421336,-1.241525658802257,5.739855916828047,True
1424,TX001425,AC00179,360.02,2023-02-09,Debit,Dallas,D000072,49.31.186.82,M004,Online,68,Retired,68,1,6400.59,2024-11-04 08:08:53,6,3819.73,1831.02,636.6216666666667,1,-0.04875054278767131,2.0241836238323585,3.15245066904337,2.7209181124344726,-0.17422040108501877,True
1437,TX001438,AC00028,107.48,2023-02-07,Debit,Los Angeles,D000624,120.32.147.210,M058,Branch,20,Student,103,1,1379.39,2024-11-04 08:12:07,3,2170.17,1664.33,723.39,1,-1.3798523197727885,0.34887004875308564,2.6790909840821153,3.4172901147136043,-0.17422040108501877,True
1438,TX001439,AC00179,1831.02,2023-09-15,Credit,Columbus,D000246,141.121.30.32,M012,Online,62,Doctor,83,1,11498.01,2024-11-04 08:10:52,6,3819.73,1831.02,636.6216666666667,1,-0.04875054278767131,2.0241836238323585,3.15245066904337,2.7209181124344726,-0.17422040108501877,True
1451,TX001452,AC00460,26.5,2023-02-08,Debit,Indianapolis,D000175,9.230.41.239,M063,Online,48,Engineer,179,1,4854.83,2024-11-04 08:07:24,12,5570.34,1607.55,464.195,1,2.613453011182563,3.8021248309842814,2.517849380434026,1.3370825758948395,-0.17422040108501877,True
1459,TX001460,AC00460,659.71,2023-05-05,Credit,San Jose,D000095,150.83.4.238,M052,Branch,21,Student,148,1,106.86,2024-11-04 08:09:32,12,5570.34,1607.55,464.195,1,2.613453011182563,3.8021248309842814,2.517849380434026,1.3370825758948395,-0.17422040108501877,True
1539,TX001540,AC00344,175.02,2023-04-10,Debit,Phoenix,D000609,105.6.30.244,M092,Online,28,Student,71,1,1493.88,2024-11-04 08:09:21,4,2291.6800000000003,1353.93,572.9200000000001,2,-0.9361517274444162,0.4722771103379221,1.7976293114444453,2.2096710311430905,5.739855916828047,True
1540,TX001541,AC00153,89.5,2023-08-21,Credit,Louisville,D000014,166.79.195.157,M020,Branch,41,Engineer,134,1,8658.95,2024-11-04 08:09:01,7,2451.89,1116.48,350.27,2,0.3949500495407011,0.634988371439943,1.1233281704398868,0.4227607569557093,5.739855916828047,True
1543,TX001544,AC00362,376.78,2023-08-14,Credit,Nashville,D000602,81.248.235.147,M061,Online,21,Student,88,1,841.65,2024-11-04 08:07:49,12,2991.32,717.74,249.27666666666667,2,2.613453011182563,1.1828401633147536,-0.008997948592151831,-0.38777607195856917,5.739855916828047,True
1579,TX001580,AC00028,398.36,2023-06-27,Debit,Columbus,D000022,80.58.55.129,M006,ATM,22,Student,56,1,1863.7,2024-11-04 08:09:08,3,2170.17,1664.33,723.39,1,-1.3798523197727885,0.34887004875308564,2.6790909840821153,3.4172901147136043,-0.17422040108501877,True
1617,TX001618,AC00331,64.01,2023-10-30,Credit,Philadelphia,D000051,150.83.4.238,M061,Branch,19,Student,240,1,1225.69,2024-11-04 08:08:26,7,2331.31,1045.45,333.0442857142857,2,0.3949500495407011,0.512525829378388,0.9216199790498941,0.28451325712476766,5.739855916828047,True
1634,TX001635,AC00358,1762.28,2023-10-06,Debit,Memphis,D000008,26.105.49.129,M066,ATM,24,Student,150,1,1380.34,2024-11-04 08:10:42,8,3600.43,1762.28,450.05375,2,0.8386506418690736,1.8014598265683095,2.9572455292975146,1.2235898971845214,5.739855916828047,True
1667,TX001668,AC00495,206.95,2023-08-03,Debit,Seattle,D000603,142.160.124.244,M084,Branch,22,Student,31,1,1817.65,2024-11-04 08:07:36,8,2405.77,745.03,300.72125,2,0.8386506418690736,0.5881483279843209,0.06849911663427213,0.02509998692138673,5.739855916828047,True
1689,TX001690,AC00313,27.51,2023-09-20,Credit,Columbus,D000250,47.82.77.181,M057,Online,40,Doctor,103,1,13645.63,2024-11-04 08:06:27,3,743.6999999999999,660.02,247.89999999999998,2,-1.3798523197727885,-1.09987055810167,-0.17290892715093525,-0.39882471247416773,5.739855916828047,True
1732,TX001733,AC00423,252.93,2023-02-06,Debit,Portland,D000616,130.29.230.16,M001,ATM,75,Retired,222,1,2760.37,2024-11-04 08:07:53,6,3038.14,1919.11,506.3566666666666,1,-0.04875054278767131,1.230391135443813,3.4026051753019146,1.6754572237436165,-0.17422040108501877,True
1746,TX001747,AC00151,305.18,2023-06-05,Debit,Chicago,D000699,93.146.251.20,M065,Online,58,Retired,216,1,4474.2,2024-11-04 08:08:22,4,1156.83,382.07,289.2075,2,-0.9361517274444162,-0.6802906111627894,-0.9622203701587978,-0.06730530465474162,5.739855916828047,True
1803,TX001804,AC00179,216.03,2023-10-27,Debit,Boston,D000160,90.111.245.138,M042,ATM,42,Doctor,300,1,10462.77,2024-11-04 08:09:44,6,3819.73,1831.02,636.6216666666667,1,-0.04875054278767131,2.0241836238323585,3.15245066904337,2.7209181124344726,-0.17422040108501877,True
1835,TX001836,AC00153,256.34,2023-08-21,Debit,Kansas City,D000383,89.18.54.235,M057,Branch,69,Retired,99,1,7471.63,2024-11-04 08:07:03,7,2451.89,1116.48,350.27,2,0.3949500495407011,0.634988371439943,1.1233281704398868,0.4227607569557093,5.739855916828047,True
1879,TX001880,AC00460,0.84,2024-01-01,Debit,Austin,D000527,136.172.149.77,M036,ATM,52,Engineer,31,1,2207.54,2024-11-04 08:07:14,12,5570.34,1607.55,464.195,1,2.613453011182563,3.8021248309842814,2.517849380434026,1.3370825758948395,-0.17422040108501877,True
1919,TX001920,AC00030,76.89,2023-05-10,Debit,Chicago,D000671,199.103.32.145,M011,ATM,55,Doctor,132,1,7374.26,2024-11-04 08:10:31,9,2969.7,520.86,329.96666666666664,2,1.282351234197446,1.1608826234294423,-0.5680900043553754,0.2598133734677935,5.739855916828047,True
1930,TX001931,AC00239,302.63,2023-02-28,Credit,San Jose,D000444,182.225.2.156,M052,Branch,27,Engineer,10,1,2801.28,2024-11-04 08:07:17,5,1036.1399999999999,302.63,207.22799999999998,2,-0.4924511351160437,-0.8028648705873133,-1.1878109477178718,-0.7252438217117564,5.739855916828047,True
1943,TX001944,AC00213,117.25,2023-04-03,Credit,Atlanta,D000280,98.39.212.221,M091,Online,31,Doctor,73,1,13694.68,2024-11-04 08:08:29,6,1576.72,777.92,262.7866666666667,2,-0.04875054278767131,-0.253845124463284,0.16189884090312837,-0.279349582830918,5.739855916828047,True
1944,TX001945,AC00165,135.27,2023-08-10,Debit,Atlanta,D000526,166.79.195.157,M050,ATM,48,Doctor,131,1,9410.51,2024-11-04 08:09:32,6,1761.16,820.62,293.5266666666667,2,-0.04875054278767131,-0.06652557513642034,0.28315661610167403,-0.03264119824290952,5.739855916828047,True
1952,TX001953,AC00350,1496.57,2023-02-27,Debit,Memphis,D000139,182.84.41.229,M092,Online,33,Engineer,95,1,969.06,2024-11-04 08:06:37,2,1815.84,1496.57,907.92,1,-1.823552912101161,-0.010991889617048887,2.2026927553395392,4.898262730459382,-0.17422040108501877,True
1995,TX001996,AC00460,999.28,2023-05-22,Debit,Boston,D000032,125.89.163.224,M050,Online,29,Engineer,40,1,4272.41,2024-11-04 08:12:15,12,5570.34,1607.55,464.195,1,2.613453011182563,3.8021248309842814,2.517849380434026,1.3370825758948395,-0.17422040108501877,True
2014,TX002015,AC00252,331.98,2023-08-28,Debit,Denver,D000302,60.153.124.80,M047,ATM,74,Retired,12,1,7600.99,2024-11-04 08:09:26,2,1501.57,1169.59,750.785,1,-1.823552912101161,-0.33016839561874817,1.2741478528940962,3.6371527105427677,-0.17422040108501877,True
2017,TX002018,AC00453,270.56,2023-02-17,Debit,Philadelphia,D000203,57.166.147.242,M038,Online,23,Student,139,1,1268.44,2024-11-04 08:08:05,9,2370.7000000000003,521.15,263.41111111111115,2,1.282351234197446,0.5525308014451047,-0.5672664737978209,-0.2743380122338506,5.739855916828047,True
2055,TX002056,AC00292,120.67,2023-12-25,Debit,Colorado Springs,D000119,214.247.164.80,M040,ATM,42,Doctor,233,1,5374.54,2024-11-04 08:12:08,7,1954.23,712.75,279.17571428571426,2,0.3949500495407011,0.12955870912153641,-0.023168353703176266,-0.14781687420921427,5.739855916828047,True
2063,TX002064,AC00110,351.38,2023-06-26,Debit,New York,D000254,47.82.77.181,M026,Branch,64,Retired,21,1,7606.63,2024-11-04 08:06:32,8,2507.77,1250.94,313.47125,2,0.8386506418690736,0.6917407918280647,1.5051623730908572,0.12742698443267844,5.739855916828047,True
2067,TX002068,AC00179,994.63,2023-06-21,Debit,Austin,D000345,147.119.62.178,M030,Online,61,Doctor,158,1,13538.14,2024-11-04 08:09:25,6,3819.73,1831.02,636.6216666666667,2,-0.04875054278767131,2.0241836238323585,3.15245066904337,2.7209181124344726,5.739855916828047,True
2077,TX002078,AC00144,125.83,2023-05-29,Debit,Los Angeles,D000608,113.137.153.101,M001,ATM,57,Retired,138,1,6109.86,2024-11-04 08:11:30,8,1842.97,518.85,230.37125,2,0.8386506418690736,0.016561674540605795,-0.5737979230473912,-0.5395042699350345,5.739855916828047,True
2097,TX002098,AC00251,1026.46,2023-06-21,Debit,Philadelphia,D000292,131.41.45.13,M009,Branch,53,Retired,165,1,3134.47,2024-11-04 08:07:24,4,2770.84,1026.46,692.71,1,-0.9361517274444162,0.9589179434297673,0.8676929263327892,3.1710632689374143,-0.17422040108501877,True
2131,TX002132,AC00372,218.57,2023-10-16,Credit,Memphis,D000095,110.64.1.201,M004,Branch,62,Doctor,102,1,13869.86,2024-11-04 08:08:19,3,2041.83,986.81,680.61,1,-1.3798523197727885,0.2185263545402809,0.7550964207912824,3.073952941887482,-0.17422040108501877,True
2150,TX002151,AC00284,84.28,2023-06-12,Debit,Memphis,D000413,66.23.166.248,M087,Branch,39,Doctor,142,1,13586.06,2024-11-04 08:07:40,8,3533.35,1036.21,441.66875,2,0.8386506418690736,1.7333325474051886,0.8953805916298809,1.1562948482329778,5.739855916828047,True
2165,TX002166,AC00344,716.62,2023-04-10,Debit,Atlanta,D000310,57.141.198.111,M084,ATM,44,Doctor,241,1,6987.4,2024-11-04 08:10:05,4,2291.6800000000003,1353.93,572.9200000000001,2,-0.9361517274444162,0.4722771103379221,1.7976293114444453,2.2096710311430905,5.739855916828047,True
2168,TX002169,AC00460,431.08,2023-07-17,Debit,Albuquerque,D000339,145.179.219.57,M013,Branch,59,Retired,25,1,6760.22,2024-11-04 08:06:52,12,5570.34,1607.55,464.195,1,2.613453011182563,3.8021248309842814,2.517849380434026,1.3370825758948395,-0.17422040108501877,True
2194,TX002195,AC00418,1047.69,2023-10-16,Debit,Austin,D000008,51.196.87.214,M037,Online,20,Student,139,1,1889.78,2024-11-04 08:10:42,6,1718.02,1047.69,286.33666666666664,2,-0.04875054278767131,-0.11033909366798028,0.9279810426668671,-0.09034559919241485,5.739855916828047,True
2200,TX002201,AC00219,68.68,2023-09-18,Debit,Sacramento,D000362,195.226.203.234,M094,Online,49,Engineer,141,1,4718.51,2024-11-04 08:06:27,10,1428.99,408.46,142.899,2,1.7260518265258185,-0.40388154293030615,-0.887279089421336,-1.241525658802257,5.739855916828047,True
2204,TX002205,AC00358,474.77,2023-10-06,Debit,Boston,D000164,65.124.242.67,M038,Online,46,Engineer,284,1,8494.53,2024-11-04 08:06:24,8,3600.43,1762.28,450.05375,2,0.8386506418690736,1.8014598265683095,2.9572455292975146,1.2235898971845214,5.739855916828047,True
2228,TX002229,AC00337,453.09,2023-06-05,Debit,San Jose,D000149,81.222.37.186,M088,Branch,48,Doctor,97,1,6708.65,2024-11-04 08:08:12,8,4393.41,880.04,549.17625,2,0.8386506418690736,2.606820140086073,0.4518951875840527,2.0191120784247576,5.739855916828047,True
2238,TX002239,AC00251,433.53,2023-10-19,Debit,Philadelphia,D000573,166.79.195.157,M098,Branch,38,Doctor,231,1,6368.32,2024-11-04 08:09:08,4,2770.84,1026.46,692.71,1,-0.9361517274444162,0.9589179434297673,0.8676929263327892,3.1710632689374143,-0.17422040108501877,True
2242,TX002243,AC00252,1169.59,2023-12-25,Debit,New York,D000484,142.184.68.230,M067,Online,28,Student,114,1,5946.45,2024-11-04 08:11:33,2,1501.57,1169.59,750.785,1,-1.823552912101161,-0.33016839561874817,1.2741478528940962,3.6371527105427677,-0.17422040108501877,True
2262,TX002263,AC00279,15.81,2023-03-02,Debit,Oklahoma City,D000606,96.24.89.146,M018,Branch,69,Doctor,11,4,8384.85,2024-11-04 08:12:06,9,2123.0,856.9,235.88888888888889,2,1.282351234197446,0.3009636122873072,0.3861831286122883,-0.49522164869177654,5.739855916828047,True
2270,TX002271,AC00396,789.8,2023-07-10,Debit,Jacksonville,D000271,63.82.133.139,M038,ATM,40,Doctor,94,1,13948.09,2024-11-04 08:07:32,8,3286.7,1422.55,410.8375,2,0.8386506418690736,1.4828317512575475,1.9924936799251052,0.908854123368663,5.739855916828047,True
2271,TX002272,AC00295,308.85,2023-11-29,Credit,Los Angeles,D000342,116.43.88.219,M030,Branch,20,Student,33,2,333.19,2024-11-04 08:08:15,6,1499.41,451.35,249.90166666666667,2,-0.04875054278767131,-0.3323621183824979,-0.765481759719565,-0.3827600426688,5.739855916828047,True
2305,TX002306,AC00202,5.66,2023-12-04,Debit,Fresno,D000082,173.135.78.201,M029,Branch,40,Engineer,33,1,5434.64,2024-11-04 08:11:43,12,3722.12,649.28,310.1766666666667,2,2.613453011182563,1.9250496983834582,-0.2034079553858856,0.10098582203654181,5.739855916828047,True
2314,TX002315,AC00005,162.59,2023-02-22,Debit,Indianapolis,D000401,201.95.180.152,M098,Branch,64,Retired,19,1,7104.83,2024-11-04 08:08:46,9,3131.77,680.76,347.97444444444443,2,1.282351234197446,1.325482923578026,-0.11401229348307024,0.40433743871097483,5.739855916828047,True
2320,TX002321,AC00460,47.1,2023-07-03,Credit,Washington,D000545,21.190.11.223,M021,Branch,42,Doctor,178,1,6308.07,2024-11-04 08:09:40,12,5570.34,1607.55,464.195,1,2.613453011182563,3.8021248309842814,2.517849380434026,1.3370825758948395,-0.17422040108501877,True
2341,TX002342,AC00144,97.73,2023-05-29,Debit,Sacramento,D000038,135.29.211.116,M018,Branch,69,Doctor,156,1,7885.21,2024-11-04 08:08:27,8,1842.97,518.85,230.37125,2,0.8386506418690736,0.016561674540605795,-0.5737979230473912,-0.5395042699350345,5.739855916828047,True
2394,TX002395,AC00165,33.03,2023-08-10,Debit,Washington,D000376,109.42.41.157,M019,Branch,21,Student,28,1,935.88,2024-11-04 08:09:57,6,1761.16,820.62,293.5266666666667,2,-0.04875054278767131,-0.06652557513642034,0.28315661610167403,-0.03264119824290952,5.739855916828047,True
2404,TX002405,AC00150,470.62,2023-02-27,Debit,Tucson,D000642,180.224.54.115,M002,Branch,57,Doctor,127,1,12470.62,2024-11-04 08:06:42,7,2030.56,992.17,290.08,2,0.3949500495407011,0.20708040289793786,0.7703175373033246,-0.0603029277662238,5.739855916828047,True
2414,TX002415,AC00028,1664.33,2023-09-25,Debit,San Antonio,D000072,116.106.207.139,M064,Branch,18,Student,65,1,1588.31,2024-11-04 08:07:07,3,2170.17,1664.33,723.39,1,-1.3798523197727885,0.34887004875308564,2.6790909840821153,3.4172901147136043,-0.17422040108501877,True
2415,TX002416,AC00459,414.49,2023-02-13,Credit,Phoenix,D000311,109.42.41.157,M051,Online,58,Doctor,108,1,12709.58,2024-11-04 08:09:08,7,1513.57,414.49,216.2242857142857,2,0.3949500495407011,-0.31798104693124896,-0.8701553333452885,-0.6530428094845733,5.739855916828047,True
2448,TX002449,AC00460,242.85,2023-10-23,Debit,San Antonio,D000068,124.6.134.78,M036,Online,42,Engineer,93,1,4672.8,2024-11-04 08:10:22,12,5570.34,1607.55,464.195,1,2.613453011182563,3.8021248309842814,2.517849380434026,1.3370825758948395,-0.17422040108501877,True
2464,TX002465,AC00279,54.52,2023-03-02,Debit,Indianapolis,D000582,110.247.153.70,M047,Branch,32,Doctor,164,1,6980.98,2024-11-04 08:09:06,9,2123.0,856.9,235.88888888888889,2,1.282351234197446,0.3009636122873072,0.3861831286122883,-0.49522164869177654,5.739855916828047,True
2466,TX002467,AC00251,883.92,2023-11-03,Credit,Tucson,D000058,117.67.192.211,M006,Online,53,Retired,129,1,2342.64,2024-11-04 08:11:08,4,2770.84,1026.46,692.71,1,-0.9361517274444162,0.9589179434297673,0.8676929263327892,3.1710632689374143,-0.17422040108501877,True
2479,TX002480,AC00275,261.45,2023-10-27,Credit,Oklahoma City,D000005,73.156.208.26,M071,Online,50,Engineer,96,1,6735.74,2024-11-04 08:09:11,9,1959.8000000000002,547.98,217.7555555555556,2,1.282351234197446,0.13521567013731747,-0.4910756984213108,-0.6407533784856133,5.739855916828047,True
2483,TX002484,AC00179,204.63,2023-06-21,Debit,Las Vegas,D000699,147.227.81.224,M090,Online,52,Engineer,92,1,9199.52,2024-11-04 08:09:54,6,3819.73,1831.02,636.6216666666667,2,-0.04875054278767131,2.0241836238323585,3.15245066904337,2.7209181124344726,5.739855916828047,True
2497,TX002498,AC00030,348.17,2023-05-10,Debit,El Paso,D000269,82.51.236.134,M072,ATM,21,Student,181,1,1887.84,2024-11-04 08:11:06,9,2969.7,520.86,329.96666666666664,2,1.282351234197446,1.1608826234294423,-0.5680900043553754,0.2598133734677935,5.739855916828047,True
